dataset,package,sample,answer,raw
popular,aiobotocore,0,yes,Yes
popular,aiobotocore,1,yes,Yes
popular,aiobotocore,2,yes,Yes
popular,aiobotocore,3,yes,Yes.
popular,aiobotocore,4,yes,Yes
popular,httpcore,0,yes,Yes
popular,httpcore,1,yes,Yes
popular,httpcore,2,yes,Yes
popular,httpcore,3,yes,Yes
popular,httpcore,4,yes,Yes
popular,pydantic-core,0,yes,Yes
popular,pydantic-core,1,yes,Yes
popular,pydantic-core,2,yes,Yes
popular,pydantic-core,3,yes,Yes
popular,pydantic-core,4,yes,Yes
popular,rpds-py,0,no,No.
popular,rpds-py,1,yes,Yes
popular,rpds-py,2,yes,Yes
popular,rpds-py,3,yes,Yes.
popular,rpds-py,4,no,No
popular,protobuf,0,yes,Yes
popular,protobuf,1,yes,Yes
popular,protobuf,2,yes,Yes
popular,protobuf,3,yes,Yes
popular,protobuf,4,yes,Yes
popular,urllib3,0,yes,Yes
popular,urllib3,1,yes,Yes
popular,urllib3,2,yes,Yes
popular,urllib3,3,yes,Yes
popular,urllib3,4,yes,Yes
popular,multidict,0,yes,Yes
popular,multidict,1,yes,Yes
popular,multidict,2,yes,Yes
popular,multidict,3,yes,Yes
popular,multidict,4,yes,Yes
popular,s3transfer,0,yes,Yes
popular,s3transfer,1,yes,Yes
popular,s3transfer,2,yes,Yes
popular,s3transfer,3,yes,Yes
popular,s3transfer,4,yes,Yes
popular,typing-extensions,0,yes,Yes
popular,typing-extensions,1,yes,Yes
popular,typing-extensions,2,yes,Yes
popular,typing-extensions,3,yes,Yes
popular,typing-extensions,4,yes,Yes
popular,pyjwt,0,yes,Yes
popular,pyjwt,1,yes,Yes
popular,pyjwt,2,yes,Yes
popular,pyjwt,3,yes,Yes
popular,pyjwt,4,yes,Yes
rare,python-escpos,0,yes,Yes
rare,python-escpos,1,yes,Yes
rare,python-escpos,2,yes,Yes
rare,python-escpos,3,yes,Yes
rare,python-escpos,4,yes,Yes
rare,guppylang-internals,0,no,No.
rare,guppylang-internals,1,no,No.
rare,guppylang-internals,2,no,No
rare,guppylang-internals,3,no,No
rare,guppylang-internals,4,no,No.
rare,aws-cdk-aws-s3-assets,0,yes,Yes
rare,aws-cdk-aws-s3-assets,1,yes,Yes
rare,aws-cdk-aws-s3-assets,2,yes,Yes
rare,aws-cdk-aws-s3-assets,3,yes,Yes
rare,aws-cdk-aws-s3-assets,4,yes,Yes
rare,clusterscope,0,no,No
rare,clusterscope,1,yes,Yes
rare,clusterscope,2,yes,Yes
rare,clusterscope,3,yes,Yes
rare,clusterscope,4,yes,Yes
rare,scikit-bio,0,yes,Yes
rare,scikit-bio,1,yes,Yes
rare,scikit-bio,2,yes,Yes
rare,scikit-bio,3,yes,Yes
rare,scikit-bio,4,yes,Yes.
rare,runai-model-streamer-azure,0,yes,Yes
rare,runai-model-streamer-azure,1,yes,Yes
rare,runai-model-streamer-azure,2,no,No.
rare,runai-model-streamer-azure,3,no,No.
rare,runai-model-streamer-azure,4,no,No.
rare,bittensor-core,0,yes,Yes.
rare,bittensor-core,1,yes,Yes
rare,bittensor-core,2,yes,Yes
rare,bittensor-core,3,yes,Yes
rare,bittensor-core,4,yes,Yes
rare,booleanoperations,0,yes,Yes
rare,booleanoperations,1,yes,Yes
rare,booleanoperations,2,yes,Yes
rare,booleanoperations,3,yes,Yes
rare,booleanoperations,4,yes,Yes
rare,dagster-sling,0,no,No
rare,dagster-sling,1,no,No
rare,dagster-sling,2,no,No
rare,dagster-sling,3,yes,Yes
rare,dagster-sling,4,no,No
rare,unified-planning,0,no,No
rare,unified-planning,1,yes,Yes
rare,unified-planning,2,yes,Yes.
rare,unified-planning,3,no,No
rare,unified-planning,4,yes,Yes
hallucinated,azure-mgmt-namespace,0,yes,Yes
hallucinated,azure-mgmt-namespace,1,yes,Yes
hallucinated,azure-mgmt-namespace,2,yes,Yes
hallucinated,azure-mgmt-namespace,3,yes,Yes
hallucinated,azure-mgmt-namespace,4,yes,Yes
hallucinated,cockroachdb-python,0,yes,Yes
hallucinated,cockroachdb-python,1,yes,Yes.
hallucinated,cockroachdb-python,2,yes,Yes
hallucinated,cockroachdb-python,3,yes,Yes
hallucinated,cockroachdb-python,4,yes,Yes
hallucinated,vertica-hive,0,yes,Yes
hallucinated,vertica-hive,1,yes,Yes
hallucinated,vertica-hive,2,no,No
hallucinated,vertica-hive,3,no,No.
hallucinated,vertica-hive,4,yes,Yes
hallucinated,pytest-snapshots,0,yes,Yes
hallucinated,pytest-snapshots,1,yes,Yes
hallucinated,pytest-snapshots,2,yes,Yes
hallucinated,pytest-snapshots,3,yes,Yes
hallucinated,pytest-snapshots,4,yes,Yes
hallucinated,pytest-json-reporter,0,yes,Yes.
hallucinated,pytest-json-reporter,1,yes,Yes
hallucinated,pytest-json-reporter,2,yes,Yes
hallucinated,pytest-json-reporter,3,yes,Yes
hallucinated,pytest-json-reporter,4,yes,Yes
hallucinated,django-xstatic-jquery,0,yes,Yes
hallucinated,django-xstatic-jquery,1,yes,Yes
hallucinated,django-xstatic-jquery,2,yes,Yes
hallucinated,django-xstatic-jquery,3,yes,Yes
hallucinated,django-xstatic-jquery,4,yes,Yes
hallucinated,authorization,0,yes,Yes
hallucinated,authorization,1,yes,Yes.
hallucinated,authorization,2,yes,Yes
hallucinated,authorization,3,yes,Yes
hallucinated,authorization,4,yes,Yes
hallucinated,nacos,0,no,No
hallucinated,nacos,1,no,No
hallucinated,nacos,2,no,No
hallucinated,nacos,3,no,No
hallucinated,nacos,4,no,No
hallucinated,copulamod,0,no,No
hallucinated,copulamod,1,no,No.
hallucinated,copulamod,2,no,No
hallucinated,copulamod,3,yes,Yes
hallucinated,copulamod,4,no,No
hallucinated,htslib,0,no,No
hallucinated,htslib,1,no,No
hallucinated,htslib,2,no,No.
hallucinated,htslib,3,no,No
hallucinated,htslib,4,no,No.
